Miodowa,45
Miodowa,41
Miodowa,119
Miodowa,121a
Miodowa,121e
Miodowa,121
Obotrycka,6
Tadeusza Zawadzkiego,141
Duńska,90
Duńska,58b
Czeska,2
Kormoranów,1
Duńska,45
Złotowska,97
Kormoranów,29
Kormoranów,39
Józefa Kostrzewskiego,40
Złotowska,93
Duńska,92
Duńska,52
Belgijska,10
Józefa Kostrzewskiego,44
Duńska,40b
Duńska,112
Złotowska,90
Złotowska,2d
Pilska,31
Kormoranów,19
Kormoranów,37
Duńska,80
Duńska,15d
Złotowska,5a
Rostocka,103
Duńska,68
Kormoranów,13
Józefa Kostrzewskiego,21
Czeska,10b
Józefa Kostrzewskiego,19
Duńska,84
Czeska,10
Duńska,72
Duńska,48
Duńska,27d
Złotowska,3c
Duńska,67
Rostocka,21
Stanisława Rosponda,4
Złotowska,5
Duńska,18
Belgijska,5a
Duńska,53
Belgijska,13
Duńska,6
Złotowska,94
Stanisława Thugutta,4c
Belgijska,7
Józefa Kostrzewskiego,50
Józefa Kostrzewskiego,67
Duńska,57
Na Stoku,8
Stanisława Thugutta,6a
Tadeusza Wieczorowskiego,14
Kormoranów,35
Duńska,31c
Złotowska,3
Stanisława Thugutta,6c
Złotowska,2c
Józefa Kostrzewskiego,20
Bielika,3
Sarnia,12
Duńska,4
Duńska,8a
Sarnia,41a
Złotowska,104
Duńska,27a
Duńska,10a
Kormoranów,21
Józefa Kostrzewskiego,75
Duńska,94
Kormoranów,5
Pilska,29
Duńska,45a
Brytyjska,5
Belgijska,17a
Duńska,98
Duńska,46a
Duńska,66
Duńska,102
Czeska,16
Duńska,27f
Józefa Kostrzewskiego,46
Rostocka,101
Duńska,40a
Belgijska,3
Kormoranów,27
Stanisława Thugutta,2e
Kormoranów,31
Duńska,86
Duńska,40
Czeska,4
Duńska,67a
Belgijska,17
Belgijska,10a
Belgijska,15a
Duńska,46
Duńska,58a
Duńska,63
Czeska,10a
Duńska,31b
Belgijska,11a
Józefa Kostrzewskiego,73
Duńska,64
Duńska,30
Złotowska,1b
Duńska,21a
Tadeusza Wieczorowskiego,15
Duńska,49
Duńska,6a
Kormoranów,3
Belgijska,5
Duńska,88
Duńska,55
Belgijska,13a
Duńska,27
Belgijska,15
Duńska,27c
Czeska,13
Józefa Kostrzewskiego,58
Józefa Kostrzewskiego,48
Tadeusza Wieczorowskiego,25
Duńska,96
Duńska,61
Na Stoku,13
Tadeusza Wieczorowskiego,25a
Kormoranów,17
Duńska,15c
Stanisława Thugutta,2b
Czeska,8
Stanisława Thugutta,2c
Złotowska,2b
Tadeusza Wieczorowskiego,20
Złotowska,96
Czeska,15
Duńska,108
Duńska,15
Duńska,44
Duńska,27b
Złotowska,98
Józefa Kostrzewskiego,52
Tadeusza Wieczorowskiego,23a
Duńska,27g
Złotowska,2
Duńska,114
Podmokła,9
Podmokła,6a
Czeska,8a
Duńska,100
Czeska,12
Duńska,104
Duńska,40c
Kormoranów,25
Kormoranów,9
Duńska,42a
Złotowska,92
Belgijska,3a
Sarnia,43b
Duńska,74
Kresowa,30
Józefa Kostrzewskiego,24
Złotowska,99
Kormoranów,7
Złotowska,1a
Kormoranów,15
Kormoranów,41
Józefa Kostrzewskiego,42
Pilska,21
Czeska,12a
Belgijska,7a
Duńska,50b
Duńska,28
Czeska,6
Złotowska,2a
Sarnia,3a
Duńska,76
Duńska,15b
Duńska,8
Tadeusza Wieczorowskiego,16
Duńska,47
Kormoranów,33
Złotowska,1
Józefa Kostrzewskiego,22
Duńska,82
Jemiołowa,13
Duńska,10
Duńska,60
Na Stoku,12
Józefa Kostrzewskiego,77
Duńska,70
Duńska,50a
Duńska,27i
Złotowska,3a
Rostocka,107
Duńska,59
Stanisława Thugutta,4a
Na Stoku,11
Stanisława Thugutta,2f
Kormoranów,11
Złotowska,3b
Duńska,110
Stanisława Thugutta,2d
Duńska,51
Józefa Kostrzewskiego,32
Józefa Kostrzewskiego,56
Duńska,67b
Sarnia,32
Duńska,50
Korony Północnej,43
Stanisława Thugutta,4b
Pozdawilska,9
Duńska,23
Złotowska,91
Belgijska,11
Norweska,25
Józefa Kostrzewskiego,23
Duńska,27h
Stanisława Thugutta,2g
Duńska,15a
Stanisława Thugutta,6b
Jemiołowa,15
Duńska,20
Złotowska,95
Rostocka,105
Stanisława Thugutta,6d
Duńska,22
Józefa Kostrzewskiego,30
Kormoranów,23
Korony Północnej,41
Tadeusza Wieczorowskiego,23
Stanisława Thugutta,2a
Księcia Warcisława I,20c
Księdza Biskupa Władysława Bandurskiego,95
Przyjaciół Żołnierza,108
Księdza Biskupa Władysława Bandurskiego,57
Księdza Biskupa Władysława Bandurskiego,87
Wilhelma Roentgena,7
Przyjaciół Żołnierza,30
Księdza Biskupa Władysława Bandurskiego,60
Księdza Biskupa Władysława Bandurskiego,86
Księdza Biskupa Władysława Bandurskiego,59
Wilhelma Roentgena,6
Przyjaciół Żołnierza,24
Księdza Biskupa Władysława Bandurskiego,82
Księdza Biskupa Władysława Bandurskiego,70
Przyjaciół Żołnierza,12
Przyjaciół Żołnierza,60
Hajduczka,23
Przyjaciół Żołnierza,84
Wycieczkowa,11
Księdza Biskupa Władysława Bandurskiego,58
Księcia Warcisława I,20
Księdza Biskupa Władysława Bandurskiego,64
Księdza Biskupa Władysława Bandurskiego,79
Księdza Biskupa Władysława Bandurskiego,68
Przyjaciół Żołnierza,94
Przyjaciół Żołnierza,76
Przyjaciół Żołnierza,98
Księdza Alfonsa Mańkowskiego,19a
Przyjaciół Żołnierza,118a
Wycieczkowa,11a
Księcia Warcisława I,26
Księdza Biskupa Władysława Bandurskiego,78
Przyjaciół Żołnierza,70
Przyjaciół Żołnierza,114b
Przyjaciół Żołnierza,80
Przyjaciół Żołnierza,40
Przyjaciół Żołnierza,38
Księdza Biskupa Władysława Bandurskiego,89
Księcia Warcisława I,24c
Księdza Alfonsa Mańkowskiego,19b
Zagłoby,14
Księdza Biskupa Władysława Bandurskiego,84
Przyjaciół Żołnierza,36
Księdza Biskupa Władysława Bandurskiego,72
Przyjaciół Żołnierza,114
Przyjaciół Żołnierza,50
Przyjaciół Żołnierza,34
Księdza Biskupa Władysława Bandurskiego,85
Przyjaciół Żołnierza,72
Księdza Biskupa Władysława Bandurskiego,83
Przyjaciół Żołnierza,46
Księdza Biskupa Władysława Bandurskiego,63
Księdza Biskupa Władysława Bandurskiego,69
Księdza Biskupa Władysława Bandurskiego,71
Przyjaciół Żołnierza,56
Przyjaciół Żołnierza,44
Księdza Biskupa Władysława Bandurskiego,66
Księdza Biskupa Władysława Bandurskiego,80
Przyjaciół Żołnierza,78a
Księcia Warcisława I,24
Przyjaciół Żołnierza,96
Księdza Alfonsa Mańkowskiego,19c
Księdza Biskupa Władysława Bandurskiego,73
Przyjaciół Żołnierza,20
Księdza Biskupa Władysława Bandurskiego,61
Cienista,17
Przyjaciół Żołnierza,88
Księdza Alfonsa Mańkowskiego,19d
Przyjaciół Żołnierza,86
Hajduczka,25
Księcia Warcisława I,26d
Księdza Biskupa Władysława Bandurskiego,81
Przyjaciół Żołnierza,58
Księcia Warcisława I,26a
Księdza Biskupa Władysława Bandurskiego,75
Przyjaciół Żołnierza,42
Przyjaciół Żołnierza,26
Przyjaciół Żołnierza,110
Księcia Warcisława I,22
Księcia Warcisława I,20b
Księdza Alfonsa Mańkowskiego,19
Przyjaciół Żołnierza,16
Przyjaciół Żołnierza,52
Przyjaciół Żołnierza,66
Przyjaciół Żołnierza,118
Księdza Biskupa Władysława Bandurskiego,65
Księdza Biskupa Władysława Bandurskiego,88
Przyjaciół Żołnierza,104
Przyjaciół Żołnierza,78
Wilhelma Roentgena,5
Przyjaciół Żołnierza,102
Księcia Warcisława I,24a
Przyjaciół Żołnierza,14
Przyjaciół Żołnierza,128a
Wilhelma Roentgena,8
Przyjaciół Żołnierza,22
Przyjaciół Żołnierza,32
Księcia Warcisława I,24b
Księdza Biskupa Władysława Bandurskiego,74
Przyjaciół Żołnierza,62
Przyjaciół Żołnierza,112
Księdza Alfonsa Mańkowskiego,19e
Księcia Warcisława I,20a
Cienista,16
Przyjaciół Żołnierza,82
Zagłoby,13a
Księcia Warcisława I,28
Przyjaciół Żołnierza,90
Przyjaciół Żołnierza,54
Księcia Warcisława I,26b
Przyjaciół Żołnierza,18
Przyjaciół Żołnierza,114a
Sokoła,8a
Księdza Biskupa Władysława Bandurskiego,67
Zagłoby,21b
Księcia Warcisława I,22a
Księdza Biskupa Władysława Bandurskiego,76
Przyjaciół Żołnierza,68
Księcia Warcisława I,26c
Księdza Biskupa Władysława Bandurskiego,96
Księcia Warcisława I,22c
Przyjaciół Żołnierza,64
Księdza Biskupa Władysława Bandurskiego,77
Księdza Biskupa Władysława Bandurskiego,62
Przyjaciół Żołnierza,48
Hajduczka,24
Księcia Warcisława I,22b
Ostrowska,9
Kwarcowa,20
Piańska,6a
Zbyszka z Bogdańca,7
Hoża,20
Żabia,22
Gęsia,3a
Mewia,4
Gęsia,3b
Bociania,39
Ostrowska,5a
Pochyła,17
Aleksandra Omieczyńskiego,11a
Szczygli Zaułek,4
Krucza,34
Krucza,18c
Żabia,20
Grzymińska,13
Ostrowska,6
Zbyszka z Bogdańca,11
Ułańska,4
Ułańska,17
Kwarcowa,26
Cyraneczki,10
Krucza,18d
Zięby,11a
Hoża,18
Żabia,26
Mewia,6
Ułańska,12b
Hoża,1
Ranowska,5a
Pochyła,16
Cyraneczki,8
Pochyła,14
Wołodyjowskiego,2
Kwarcowa,22
Żabia,18
Hoża,8
Ostrowska,8
Krucza,18b
Żurawia,34
Haliny Gaińskiej,12a
Zbyszka z Bogdańca,9
Piaskowa,47
Krucza,18
Szczygli Zaułek,8
Bogumińska,1
Szczygli Zaułek,10
Ostrowska,9a
Piańska,7a
Szczepowa,6
Zbyszka z Bogdańca,5
Zbyszka z Bogdańca,13
Liściasta,1d
Krucza,18a
Pochyła,13
Wołodyjowskiego,4
Żurawia,36
Ostrowska,5
Hoża,10
Ostrowska,10
Bogumińska,50
Zbyszka z Bogdańca,15
Haliny Gaińskiej,14a
Pochyła,15
Grzymińska,12
Gęsia,17
Szczygli Zaułek,6
Bociania,47
Ułańska,16/17
Słowicza,50
Grzymińska,25f
Obotrycka,4
Grzymińska,9a
Maksymiliana Golisza,41
Robotnicza,28
Maksymiliana Golisza,19
Obotrycka,15b
Maksymiliana Golisza,39
Słowicza,7
Gościsława,22
Grzymińska,28c
Maksymiliana Golisza,8
Maksymiliana Golisza,35
Oliwkowa,8
Obotrycka,3
Grzymińska,25c
Robotnicza,24
Maksymiliana Golisza,43
Gościsława,22b
Grzymińska,4b
Obotrycka,15c
Robotnicza,24a
Grzymińska,4
Maksymiliana Golisza,29
Grzymińska,29
Obotrycka,15e
Maksymiliana Golisza,8d
Oliwkowa,6
Robotnicza,24c
Maksymiliana Golisza,21
Wycieczkowa,8
Grzymińska,3
Maksymiliana Golisza,27
Grzymińska,25e
Obotrycka,7
Grzymińska,28
Robotnicza,24b
Gościsława,22c
Obotrycka,15a
Oliwkowa,10
Grzymińska,5
Wycieczkowa,9
Słowicza,8
Oliwkowa,12
Grzymińska,27
Grzymińska,25d
Grzymińska,7b
Grzymińska,28d
Robotnicza,24e
Grzymińska,9
Maksymiliana Golisza,25
Grzymińska,4c
Robotnicza,24d
Oliwkowa,14
Grzymińska,27b
Robotnicza,6
Słowicza,6
Grzymińska,27a
Grzymińska,5a
Grzymińska,28a
Maksymiliana Golisza,31
Grzymińska,3a
Obotrycka,15d
Maksymiliana Golisza,33
Robotnicza,5
Grzymińska,28e
Maksymiliana Golisza,17
Grzymińska,9b
Robotnicza,29
Grzymińska,4a
Maksymiliana Golisza,37
Grzymińska,28b
Grzymińska,7a
Władysława Szafera,116
Władysława Szafera,82
Władysława Szafera,154
Tadeusza Zawadzkiego,123
Władysława Szafera,68
Władysława Szafera,104
Władysława Szafera,90
Władysława Szafera,118
Eugeniusza Romera,27
Władysława Szafera,76
Władysława Szafera,184
Władysława Szafera,138
Władysława Szafera,124
Eugeniusza Romera,25
Władysława Szafera,156
Tadeusza Zawadzkiego,144
Tadeusza Zawadzkiego,142
Tadeusza Zawadzkiego,140
Władysława Szafera,196
Władysława Szafera,186
Władysława Szafera,120
Władysława Szafera,52
Władysława Szafera,72
Władysława Szafera,178
Tadeusza Zawadzkiego,135
Władysława Szafera,100
Władysława Szafera,164
Tadeusza Zawadzkiego,146
Władysława Szafera,136
Władysława Szafera,128
Tadeusza Zawadzkiego,111
Władysława Szafera,56
Tadeusza Zawadzkiego,121
Władysława Szafera,134
Władysława Szafera,70
Władysława Szafera,180
Władysława Szafera,98
Tadeusza Zawadzkiego,115
Władysława Szafera,158
Władysława Szafera,146
Władysława Szafera,130
Tadeusza Zawadzkiego,119
Eugeniusza Romera,29
Tadeusza Zawadzkiego,121a
Władysława Szafera,62
Władysława Szafera,132
Władysława Szafera,78
Władysława Szafera,170
Władysława Szafera,126
Władysława Szafera,190
Władysława Szafera,86
Władysława Szafera,84
Władysława Szafera,112
Władysława Szafera,20
Tadeusza Zawadzkiego,95
Tadeusza Zawadzkiego,133
Władysława Szafera,80
Władysława Szafera,106
Tadeusza Zawadzkiego,129
Władysława Szafera,66
Tadeusza Zawadzkiego,113
Władysława Szafera,166
Tadeusza Zawadzkiego,121b
Tadeusza Zawadzkiego,127
Władysława Szafera,50
Władysława Szafera,144
Tadeusza Zawadzkiego,117
Tadeusza Zawadzkiego,141a
Władysława Szafera,122
Władysława Szafera,114
Władysława Szafera,172
Tadeusza Zawadzkiego,85
Władysława Szafera,174
Władysława Szafera,96
Władysława Szafera,200
Władysława Szafera,168
Władysława Szafera,150
Tadeusza Zawadzkiego,91
Władysława Szafera,152
Tadeusza Zawadzkiego,125
Władysława Szafera,110
Władysława Szafera,64
Władysława Szafera,142
Władysława Szafera,54
Władysława Szafera,102
Tadeusza Zawadzkiego,131
Władysława Szafera,182
Władysława Szafera,194
Władysława Szafera,108
Władysława Szafera,92
Władysława Szafera,148
Władysława Szafera,176
Tadeusza Zawadzkiego,83
Władysława Szafera,162
Władysława Szafera,74
Władysława Szafera,88
Władysława Szafera,140
Władysława Szafera,192
Władysława Szafera,60
Tadeusza Zawadzkiego,93
Tadeusza Zawadzkiego,97
Władysława Szafera,94
Tadeusza Zawadzkiego,154
Arkońska,17
aleja Wojska Polskiego,237
Tadeusza Zawadzkiego,176
Chorzowska,26h
aleja Wojska Polskiego,235
Stawna,20
Tadeusza Zawadzkiego,136
Tadeusza Zawadzkiego,130
Tadeusza Zawadzkiego,110
Świerkowa,6
Chorzowska,26g
Wiosny Ludów,43
Fryderyka Chopina,123
Kwiatów Polskich,18
Tadeusza Zawadzkiego,152
Księdza Jana Krzysztofa Kluka,30
Wiosny Ludów,35
Skarbówek,291
Wiosny Ludów,33
Chorzowska,6
Urocza,57
Arkońska,15
Chorzowska,9b
Chorzowska,26e
Księdza Jana Krzysztofa Kluka,25
Księdza Jana Krzysztofa Kluka,24
Tadeusza Zawadzkiego,112
aleja Wojska Polskiego,202
Zdrojowa,1
Wiosny Ludów,31
Tadeusza Zawadzkiego,174
Kwiatów Polskich,43a
Malinowa,6a
Urocza,23
Tadeusza Zawadzkiego,106
Tadeusza Zawadzkiego,134
Tadeusza Zawadzkiego,118
Księdza Jana Krzysztofa Kluka,28
Wiosny Ludów,45
Świerkowa,10
Tadeusza Zawadzkiego,124
Wiankowa,27
Wiosny Ludów,41
Tadeusza Zawadzkiego,168
Chorzowska,9a
Księdza Jana Krzysztofa Kluka,37
Świerkowa,2
Fryderyka Chopina,121
Tadeusza Zawadzkiego,170
Tadeusza Zawadzkiego,160
Zawiła,63
Tadeusza Zawadzkiego,148
Skarbówek,293
Świerkowa,8
Grzybowa,4a
aleja Wojska Polskiego,198c
Las Arkoński,1
Miodowa,9
Urocza,20
Tadeusza Zawadzkiego,156
Tadeusza Zawadzkiego,120
Skarbówek,16w
Niebiańska,11
Zawiła,4
Świerkowa,4
Arkońska,18
Fryderyka Chopina,125
Tatrzańska,7
Świerkowa,12
Chorzowska,26f
Skarbówek,294
Tadeusza Zawadzkiego,132
Zawiła,2
Tadeusza Zawadzkiego,164
Szymona Szymonowica,1b
Tadeusza Zawadzkiego,138
Zawiła,61
Chłodna,22
Wiosny Ludów,37
Zdrojowa,1a
Skarbówek,294a
Księdza Jana Krzysztofa Kluka,39
Skarbówek,35k
Tadeusza Zawadzkiego,172
Księdza Jana Krzysztofa Kluka,33
Wiosny Ludów,9
Kwiatów Polskich,10
Skarbówek,18k
Wiśniowa,16
Tadeusza Zawadzkiego,158
Tadeusza Zawadzkiego,162
Skarbówek,33k
Arkońska,16
Księdza Jana Krzysztofa Kluka,23
Tadeusza Zawadzkiego,122
Wiosny Ludów,39
Wiankowa,16
Kwiatów Polskich,10a
Skarbówek,292
Kwiatów Polskich,43
Wiosny Ludów,47
Wiśniowa,14
Tadeusza Zawadzkiego,150
Tadeusza Zawadzkiego,108
Tadeusza Zawadzkiego,116
Obłoków,35
Tadeusza Zawadzkiego,114
Chorzowska,30
Malinowa,3a
Fryderyka Chopina,119
Chorzowska,16
Grzybowa,6a
Skarbówek,74
Wiosny Ludów,11
Świerkowa,14
Tadeusza Zawadzkiego,166
Światowida,89
Robotnicza,22
Światowida,95
Dębogórska,31
Studzienna,9b
Światowida,92
Robotnicza,21
Strzałowska,29
Światowida,75
Pokoju,77a
Studzienna,13
Dębogórska,33
Studzienna,10a
Strzałowska,17b
Robotnicza,16
Robotnicza,20a
Robotnicza,15
Strzałowska,3
Strzałowska,45
Robotnicza,23b
Retry,8b
Robotnicza,23
Studzienna,11
Strzałowska,2
Świętojańska,9
Paproci,12
Strzałowska,47
Strzałowska,14
Dębogórska,32
Księcia Ziemowita,10c
Pokoju,1
Retry,7
Świętojańska,6a
Świętojańska,8
Światowida,91
Hoża,2
Paproci,10
Studzienna,10
Światowida,70
Studzienna,34
Światowida,90
Robotnicza,23a
Strzałowska,4
Strzałowska,18c
Studzienna,9a
Retry,8c
Światowida,93
Strzałowska,29a
Światowida,76
Światowida,71
Światowida,94
Paproci,11
Światowida,13
Retry,7a
Strzałowska,1
Robotnicza,20b
Retry,7b
Retry,8a
Światowida,2
Światowida,6
Światowida,73
Hoża,2a
Świętojańska,10
Studzienna,11a
Strzałowska,44
Strzałowska,11
Szczęśliwa,20
Dobra,19
Szczęśliwa,6
Górna,36
Dobra,20
Górna,9a
Wkrzańska,41
Dyngusowa,3
Górna,38
Górna,34
Górna,18
Górna,22
Górna,3b
Szczęśliwa,22
Ogrodnicza,24
Wkrzańska,28
Górna,24
Górna,28
Ogrodnicza,34
Wkrzańska,39
Morawska,11
Górna,40
Górna,20
Górna,9
Dobra,28
Ogrodnicza,26a
Ogrodnicza,40
Górna,30
Wkrzańska,37
Górna,1a
Wkrzańska,43
Górna,3d
Górna,26
Ogrodnicza,38
Na Wzgórzu,17
Górna,32
Pokoju,3a
Grochowa,16
Zielna,39
Pokoju,74
Na Wzgórzu,2a
Tarnopolska,8
Na Wzgórzu,2b
Pokoju,73a
Pokoju,26
Ogrodnicza,22a
Lipowa,8
Lipowa,7
Szkolna,4
Tęczowa,5
Pokoju,74a
Władysława Nehringa,9a
Światowida,36
Pokoju,43a
Koszalińska,9
Tarnopolska,12
Światowida,54
Pokoju,73b
Zielna,38
Golęcińska,18a
Tarnopolska,15
Narciarska,1a
Pokoju,24
Tarnopolska,9
Pokoju,47
Tarnopolska,6
Lipowa,12
Grochowa,6a
Lipowa,4
Grochowa,24
Golęcińska,31
Pokoju,56
Władysława Nehringa,11d
Władysława Nehringa,8a
Grochowa,12
Światowida,56
Grochowa,18
Pokoju,42a
Pokoju,47b
Światowida,49a
Narciarska,1
Pokoju,73
Bylinowa,4
Zielna,40
Golęcińska,18
Światowida,58
Bałkańska,10
Pokoju,25
Pokoju,74b
Pokoju,2a
Tarnopolska,13
Pokoju,73c
Bylinowa,15
Grochowa,14
Koszalińska,17
Koszalińska,5
Grochowa,22
Gocławska,20
Światowida,34a
Zielna,45
Kościelna,25a
Kościelna,5
Osadników,1c
Władysława Nehringa,37
Nad Odrą,59
Osadników,7b
Doroty,14
Kościelna,36a
Modlińska,12
Kościelna,19c
Kościelna,55a
Modlińska,24
Warszawska,18
Modlińska,22
Warszawska,14
Modlińska,30
Kościelna,19
Wincentego Witosa,3a
Leśna,20
Dąbrówki,28
Doroty,10
Kościelna,34a
Wincentego Witosa,11a
Leśna,26
Nad Odrą,35
Warszawska,10
Dąbrówki,22
Władysława Nehringa,29e
Golęcińska,9
Kościelna,25
Kościelna,44
Modlińska,26
Dąbrówki,1d
Nad Odrą,33
Modlińska,32
Osadników,2
Dąbrówki,1b
Warszawska,8
Dąbrówki,24
Policka,6
Dąbrówki,5
Zamknięta,7
Kościelna,57a
Kościelna,27
Dąbrówki,22a
Policka,4
Władysława Nehringa,39
Wincentego Witosa,28b
Wincentego Witosa,29
Warszawska,16
Modlińska,20
Modlińska,36
Nad Odrą,31
Kościelna,41
Kościelna,22
Kościelna,12c
Łowiecka,11
Dąbrówki,24b
Dąbrówki,1e
Policka,8
Wincentego Witosa,3
Policka,1b
Osadników,4
Warszawska,20
Wincentego Witosa,9a
Policka,4a
Wincentego Witosa,28
Osadników,7a
Modlińska,14
Władysława Nehringa,39a
Doroty,2
Dąbrówki,1f
Modlińska,34
Kościelna,12b
Wincentego Witosa,28a
Kościelna,36
Warszawska,4
Kościelna,5a
Kościelna,27a
Dąbrówki,1g
Doroty,20
Modlińska,8
Doroty,16
Władysława Nehringa,10c
Wincentego Witosa,8a
Nad Odrą,55
Warszawska,6
Policka,2
Doroty,24
Doroty,18
Modlińska,16
Kościelna,34
Doroty,22
Modlińska,18
Modlińska,28
Doroty,8
Wincentego Witosa,1a
Warszawska,15a
Modlińska,10
Policka,1a
Dąbrówki,1c
Wincentego Witosa,2
Wincentego Witosa,8b
Kościelna,55
Nad Odrą,57
Dąbrówki,24a
Doroty,1b
Władysława Nehringa,29d
Osadników,5a
Wincentego Witosa,36
Władysława Nehringa,10b
Słowacka,23
Widokowa,23
Kaskadowa,13
Pirenejska,2a
Sarnia,7a
Generała Włodzimierza Ostoi-Zagórskiego,188b
Chłodna,94
Skandynawska,4
Słowacka,31
Norweska,1
Norweska,16
Północna,33
Słowacka,12
Chłodna,111
Szwedzka,2b
Feniksa,34
Skandynawska,10
Szczecińska,31
Lodowcowa,24
Letniego Poranka,4
Maciejkowa,18
Poznańska,1b
Kredowa,66
Łączna,3
Norweska,7
Słowacka,25
Jaworzynki,20
Kaskadowa,25b
Pirenejska,6a
Pirenejska,5
Letniego Poranka,15
Pirenejska,8
Generała Włodzimierza Ostoi-Zagórskiego,173
Poznańska,1e
Szczecińska,32
Letniego Poranka,1
Szczecińska,30
Słowacka,13
Sarnia,9c
Łączna,3a
Poznańska,1f
Rostocka,115
Generała Włodzimierza Ostoi-Zagórskiego,188a
Chłodna,119
Jaworzynki,16
Chłodna,96
Szczecińska,29
Maciejkowa,24
Północna,7
Szwedzka,19a
Słowacka,10
Maciejkowa,26
Norweska,38
Jaworzynki,26
Północna,27
Kredowa,72
Generała Włodzimierza Ostoi-Zagórskiego,163
Szczecińska,28
Słowacka,13d
Pirenejska,10a
Maciejkowa,32
Pirenejska,2
Generała Włodzimierza Ostoi-Zagórskiego,167
Sarnia,9
Norweska,40
Letniego Poranka,2
Słowacka,27
Norweska,42
Słowacka,24
Letniego Poranka,3
Rostocka,117
Szwedzka,17
Szwedzka,2c
Rostocka,168
Szczecińska,23
Słowacka,19
Poznańska,1c
Maciejkowa,30
Jaworzynki,12
Generała Włodzimierza Ostoi-Zagórskiego,165
Słowacka,18
Generała Włodzimierza Ostoi-Zagórskiego,188c
Fińska,13
Norweska,14
Norweska,30
Maciejkowa,20
Pirenejska,6
Pirenejska,5a
Rostocka,111
Słowacka,11a
Kredowa,12
Słowacka,13c
Kredowa,3
Norweska,5
Letniego Poranka,16
Fińska,5
Generała Włodzimierza Ostoi-Zagórskiego,188d
Słowacka,22
Kredowa,68
Słowacka,29
Szwedzka,19b
Generała Włodzimierza Ostoi-Zagórskiego,184
Norweska,24
Słowacka,11
Norweska,36
Letniego Poranka,5
Chłodna,117
Szwedzka,19c
Letniego Poranka,11
Słowacka,11b
Maciejkowa,28
Sarnia,9a
Hansa Christiana Andersena,52
Pirenejska,7
Norweska,5a
Słowacka,15
Chłodna,100
Fińska,15
Słowacka,13b
Pirenejska,4a
Pirenejska,10
Północna,25
Słowacka,11d
Chłodna,99
Fińska,17
Jaworzynki,22
Norweska,22
Jaworzynki,24
Generała Włodzimierza Ostoi-Zagórskiego,169
Limby,31
Norweska,12
Pirenejska,3a
Sarnia,7
Kaskadowa,25a
Słowacka,13a
Słowacka,16
Feniksa,17
Jaworzynki,14
Chłodna,98
Rostocka,166
Słowacka,11c
Widokowa,25a
Kredowa,69
Limby,33
Norweska,10
Pirenejska,3
Rostocka,119
Chłodna,115
Norweska,32
Pegaza,9
Fińska,11
Słowacka,17
Letniego Poranka,14
Słowacka,20
Słowacka,6
Widokowa,25b
Lodowcowa,37
Północna,31
Chłodna,113
Pirenejska,8a
Pirenejska,1a
Sarnia,9b
Podbórzańska,62
Podbórzańska,2
Rostocka,121
Norweska,18
Generała Włodzimierza Ostoi-Zagórskiego,188
Poznańska,1d
Letniego Poranka,13
Słowacka,14
Pirenejska,7a
Słowacka,21
Szwedzka,4b
Jaworzynki,18
Podbórzańska,1a
Generała Włodzimierza Ostoi-Zagórskiego,171
Pirenejska,4
Pirenejska,1
Sarnia,7b
Północna,2
Lodowcowa,6
Norweska,3
Kredowa,7
Generała Włodzimierza Ostoi-Zagórskiego,188e
Podbórzańska,3a
Słowacka,8
Podbórzańska,3
Rostocka,113
Podbórzańska,53
Podbórzańska,55
Dolomitów,14
Dolomitów,16
Śródleśna,32
Śródleśna,36
Podbórzańska,84
Podbórzańska,82
Śródleśna,9
Śródleśna,1
Bukowska,2
Bartnicza,50
Fryderyka Chopina,38
Fryderyka Chopina,56
Złotowska,21
Chłodna,90
Fryderyka Chopina,80
Zygmunta Krasińskiego,58f
Wiosny Ludów,38
Zakole,16
Zakole,32
Bartnicza,44
Fryderyka Chopina,54
Złotowska,17
Na Stoku,123
Bartnicza,2
Zakole,28
Złotowska,20
Zakole,47
Zygmunta Krasińskiego,59b
Zakole,43
Fryderyka Chopina,74
Zygmunta Krasińskiego,58i
Wiosny Ludów,89
Fryderyka Chopina,36
Wiosny Ludów,67
Bartnicza,36
Wiosny Ludów,107
Hansa Christiana Andersena,63
Fryderyka Chopina,76
Bartnicza,42
Księdza Jana Dzierżonia,88
Na Stoku,86
Bartnicza,38
Bartnicza,32
Zdrojowa,23
Fryderyka Chopina,92
Zygmunta Krasińskiego,59a
Wiosny Ludów,85
Fryderyka Chopina,100
Księdza Jana Dzierżonia,90
Chłodna,84
Stanisława Rosponda,61
Wiosny Ludów,65
Zakole,52
Fryderyka Chopina,70
Zakole,41
Na Stoku,94
Wiosny Ludów,109
Fryderyka Chopina,78
Zakole,54
Wszystkich Świętych,59
Wiosny Ludów,79
Zakole,60
Oskara Kolberga,9
Fryderyka Chopina,62
Łabędzia,30
Zygmunta Krasińskiego,58d
Fryderyka Chopina,58
Zygmunta Krasińskiego,59e
Wiosny Ludów,71
Zygmunta Krasińskiego,59g
Zakole,37
Chłodna,88
Wiosny Ludów,105
Wiosny Ludów,113
Wszystkich Świętych,57
Na Stoku,113
Na Stoku,121
Grzybowa,20b
Bartnicza,48
Zakole,61
Fryderyka Chopina,66
Wiosny Ludów,73
Wzgórze Arkońskie,12
Zygmunta Krasińskiego,59d
Zakole,20
Doktora Judyma,22
Fryderyka Chopina,52
Na Stoku,111
Złotowska,22
Zakole,48
Zakole,27
Fryderyka Chopina,96
Zakole,31
Zakole,30
Grzybowa,22b
Wiosny Ludów,91
Fryderyka Chopina,82
Fryderyka Chopina,98
Złotowska,74
Księdza Jana Dzierżonia,80
Zakole,50
Zakole,36
Bartnicza,24
Bartnicza,4
Na Stoku,135
Złotowska,18
Fryderyka Chopina,60
Fryderyka Chopina,86
Na Stoku,45
Na Stoku,109
Zakole,22
Na Stoku,115
Fryderyka Chopina,88
Hansa Christiana Andersena,69
Wiosny Ludów,69
Zakole,45
Wszystkich Świętych,49
Zakole,14
Wiosny Ludów,53
Wiosny Ludów,87
Fryderyka Chopina,46
Wiosny Ludów,77
Wiosny Ludów,111
Fryderyka Chopina,64
Zakole,49
Wszystkich Świętych,45
Fryderyka Chopina,40
Złotowska,75
Zakole,39
Miodowa,120
Wiosny Ludów,61
Zakole,21
Wiosny Ludów,97
Zygmunta Krasińskiego,58c
Zakole,35
Zygmunta Krasińskiego,59c
Zdrojowa,25
Fryderyka Chopina,34
Zygmunta Krasińskiego,59h
Stanisława Rosponda,37
Zakole,53
Na Stoku,143
Zakole,18
Na Stoku,37
Fryderyka Chopina,32
Bartnicza,46
Bartnicza,30
Wiosny Ludów,40
Księdza Jana Dzierżonia,78
Na Stoku,31
Bartnicza,10
Zakole,19
Doktora Judyma,20
Bartnicza,18
Zygmunta Krasińskiego,58b
Na Stoku,40
Złotowska,77
Wiosny Ludów,103
Fryderyka Chopina,50
Zakole,29
Hansa Christiana Andersena,39a
Zygmunta Krasińskiego,58e
Księdza Jana Dzierżonia,84
Stanisława Rosponda,35
Hansa Christiana Andersena,43
Fryderyka Chopina,84
Zakole,40
Złotowska,16
Grzybowa,22a
Fryderyka Chopina,42
Hansa Christiana Andersena,59
Bartnicza,6
Hansa Christiana Andersena,67
Hansa Christiana Andersena,45
Wiosny Ludów,95
Wiosny Ludów,36
Zakole,15
Bartnicza,16
Bartnicza,22
Na Stoku,44
Bartnicza,20
Wiosny Ludów,101
Fryderyka Chopina,44
Fryderyka Chopina,68
Wzgórze Arkońskie,6
Bartnicza,8
Zakole,51
Zygmunta Krasińskiego,58g
Zakole,59
Zakole,23
Zygmunta Krasińskiego,58h
Wszystkich Świętych,53
Fryderyka Chopina,94
Zakole,44
Bartnicza,34
Bartnicza,12
Fryderyka Chopina,90
Wszystkich Świętych,51
Wiosny Ludów,51
Wiosny Ludów,81
Zakole,17
Wiosny Ludów,75
Fryderyka Chopina,72
Zakole,33
Na Stoku,27
Wszystkich Świętych,47
Zygmunta Krasińskiego,61
Grzybowa,20a
Zakole,38
Wiosny Ludów,59
Zakole,46
Bartnicza,26
Wiosny Ludów,93
Wiosny Ludów,42
Hansa Christiana Andersena,71
Hansa Christiana Andersena,11
Na Stoku,145
Hansa Christiana Andersena,17
Hansa Christiana Andersena,53
Zakole,34
Zakole,62
Wiosny Ludów,99
Zakole,55
Zygmunta Krasińskiego,57k
Bartnicza,14
Zakole,42
Księdza Jana Dzierżonia,94
Wiosny Ludów,115
Złotowska,19
Hansa Christiana Andersena,13
Wiosny Ludów,44
Fryderyka Chopina,48
Bartnicza,28
Na Stoku,96
Fryderyka Chopina,30
Wzgórze Arkońskie,8
Wiosny Ludów,57a
Księdza Jana Dzierżonia,82
Na Stoku,137
Zygmunta Krasińskiego,58a
Spadziowa,16
Miodowa,35a
Nektarowa,2
Spadziowa,18
Miodowa,39a
Miodowa,56
Miodowa,119d
Lisiej Góry,5
Miodowa,121c
Miodowa,119g
Miodowa,121b
Miodowa,103a
Miodowa,44
Miodowa,125a
Miodowa,118
Miodowa,114
Miodowa,125c
Miodowa,121d
Miodowa,116
Miodowa,82
Miodowa,119a
Miodowa,105
Miodowa,46
Miodowa,83a
Miodowa,125
Miodowa,132
Miodowa,41a
Miodowa,119e
Miodowa,126
Miodowa,134
Hansa Christiana Andersena,13a
Miodowa,125b
Miodowa,83
Miodowa,119b
Miodowa,99
Miodowa,119c
Bajeczna,12
Bajeczna,18
Nad Stołczynką,14
Bajeczna,28
Bajeczna,22
Bajeczna,26
Nad Stołczynką,16
Bajeczna,14
Bajeczna,24
Bajeczna,16
Bajeczna,20
Powrotna,20
Szarych Szeregów,1a
Ziemska,17
Dyngusowa,3c
Szosa Polska,58b
Policka,62
Kombatantów,48b
Policka,5
Dojazdowa,5a
Generała Włodzimierza Ostoi-Zagórskiego,62
Policka,66b
Powrotna,1
Jasełkowa,10
Dyngusowa,3a
Kolonistów,42
Kolonistów,48
Graniczna,31a
Strzelców Podhalańskich,2
Graniczna,31
Powrotna,9
Strzelców Podhalańskich,13
Powrotna,2
Cztery Pory Roku,12
Kolonistów,64a
Księżnej Ludgardy,4
Szosa Polska,59
Kombatantów,48
Kolonistów,46
Policka,72a
Cztery Pory Roku,15
Policka,48b
Policka,60c
Policka,62a
Ziemska,15
Kolonistów,66
Graniczna,9a
Policka,68
Cztery Pory Roku,5
Dojazdowa,9a
Cztery Pory Roku,13
Kolonistów,62
Cztery Pory Roku,1
Powrotna,6
Kombatantów,72
Strzelców Podhalańskich,1
Władysława Nehringa,11e
Graniczna,18
Policka,68c
Graniczna,16a
Powrotna,4
Powrotna,7
Policka,60a
Księżnej Ludgardy,12
Ogrodnicza,107
Szosa Polska,56b
Ziemska,19
Dojazdowa,1
Kolonistów,64
Powrotna,17
Szosa Polska,59a
Kolonistów,60a
Kombatantów,47
Cztery Pory Roku,4
Powrotna,12
Generała Włodzimierza Ostoi-Zagórskiego,38
Dyngusowa,8
Policka,52
Policka,68a
Cztery Pory Roku,10
Powrotna,13
Powrotna,23
Do Dworu,7b
Dojazdowa,7
Średnia,62
Ziemska,5
Szosa Polska,59c
Graniczna,7b
Generała Włodzimierza Ostoi-Zagórskiego,82
Generała Włodzimierza Ostoi-Zagórskiego,45
Powrotna,5
Policka,64a
Policka,50
Szosa Polska,94
Średnia,21
Dyngusowa,3b
Powrotna,10
Policka,48a
Ziemska,11
Policka,70a
Strzelców Podhalańskich,31
Ziemska,4
Powrotna,21
Dojazdowa,40
Policka,58b
Ogrodnicza,101
Dojazdowa,34
Policka,72
Policka,58
Cztery Pory Roku,9
Powrotna,18
Kombatantów,48c
Policka,68b
Generała Włodzimierza Ostoi-Zagórskiego,10
Ziemska,23
Średnia,2
Dojazdowa,42a
Graniczna,11a
Księżnej Ludgardy,30
Dojazdowa,38
Policka,60b
Ziemska,8
Policka,64b
Powrotna,14
Policka,54
Dojazdowa,3
Średnia,44b
Księżnej Ludgardy,2
Średnia,23
Cztery Pory Roku,7
Szosa Polska,58
Dojazdowa,3a
Kolonistów,62a
Do Dworu,16b
Generała Włodzimierza Ostoi-Zagórskiego,60
Szosa Polska,58c
Powrotna,11
Policka,50c
Kolonistów,44
Kombatantów,55
Dojazdowa,62
Powrotna,8
Jasełkowa,16
Ogrodnicza,95
Policka,13
Dojazdowa,50
Kombatantów,48a
Dojazdowa,44
Graniczna,5b
Policka,64c
Kolonistów,27d
Szarych Szeregów,3
Ziemska,7
Strzelców Podhalańskich,17
Cztery Pory Roku,6
Średnia,50
Generała Włodzimierza Ostoi-Zagórskiego,8d
Strzelców Podhalańskich,19
Średnia,41
Kombatantów,45
Ziemska,13
Policka,56
Szarych Szeregów,13
Policka,50b
Szosa Polska,57c
Szosa Polska,100
Cztery Pory Roku,14
Kolonistów,43a
Cztery Pory Roku,18
Powrotna,3
Dojazdowa,9
Szosa Polska,57b
Policka,56a
Średnia,56
Szosa Polska,59b
Dojazdowa,40b
Policka,48
Szosa Polska,58a
Dyngusowa,12
Dojazdowa,6
Powrotna,19
Ziemska,21
Cztery Pory Roku,16
Cztery Pory Roku,3
Kolonistów,27a
Szosa Polska,57a
Policka,58c
Cztery Pory Roku,11
Dojazdowa,5
Kłuszyńska,12
Dojazdowa,46
Kolonistów,8
Powrotna,15
Kolonistów,38
Graniczna,5a
Policka,70
Średnia,2a
Do Dworu,11a
Ogrodnicza,83
Ogrodnicza,83a
Rzeźbiarska,7
Policka,60
Powrotna,16
Kolonistów,40
Średnia,14a
Szosa Polska,98
Graniczna,13
Cztery Pory Roku,8
Kolonistów,60
Policka,64
Generała Włodzimierza Ostoi-Zagórskiego,76
Dojazdowa,32
Dyngusowa,10
Graniczna,16
Szosa Polska,57
Rzeźbiarska,12
Policka,7
Dojazdowa,9b
Średnia,36
Graniczna,9b
Policka,50a
Kolonistów,66a
Generała Włodzimierza Ostoi-Zagórskiego,58
Wiosny Ludów,83
Władysława Szafera,188
Małe Błonia,1
Małe Błonia,11
Małe Błonia,13
Małe Błonia,3
Małe Błonia,5
Małe Błonia,7
Małe Błonia,9
Cztery Pory Roku,17
Cztery Pory Roku,19
Cztery Pory Roku,21
Cztery Pory Roku,23
Cztery Pory Roku,25
Cztery Pory Roku,27
Agatowa,10
Perłowa,19
Policka,58a
Warszewska,20
Osowska,20a
Wiejska,25b
Widokowa,28
Widokowa,28a
Wierzbowa,39
Generała Włodzimierza Ostoi-Zagórskiego,1
Maciejkowa,37
Przyjaciół Żołnierza,128a
Przyjaciół Żołnierza,128a
Ostrowska,20
Ostrowska,22
Ostrowska,36
Ostrowska,38
Ostrowska,44
Ostrowska,46
Ostrowska,48
Ostrowska,52
Ostrowska,54
Ostrowska,56
Małe Błonia,15
Małe Błonia,17
Małe Błonia,19
Małe Błonia,21
Maciejkowa,33
Maciejkowa,35
Maciejkowa,37
Maciejkowa,39
Maciejkowa,42
Maciejkowa,44
Maciejkowa,38
Maciejkowa,40
Maciejkowa,46
Maciejkowa,48
Maciejkowa,50
Maciejkowa,52
Maciejkowa,54
Maciejkowa,56
Maciejkowa,58
Maciejkowa,60
Maciejkowa,62
Maciejkowa,64
Maciejkowa,66
Maciejkowa,68
Maciejkowa,34
Maciejkowa,36
Limby,28
Jaworzynki,10
Jaworzynki,2
Limby,22
Maciejkowa,22
Limby,23
Limby,24
Limby,25
Limby,26
Limby,27
Limby,29
Jaworzynki,4
Jaworzynki,8
Limby,12
Limby,14
Limby,16
Limby,18
Limby,20
Limby,35
Limby,37
Panoramiczna,1
Panoramiczna,2
Panoramiczna,3
Panoramiczna,4
Łowiecka,15
Łowiecka,4
Chłodna,101
Fińska,19
Szczecińska,24
Pelikana,1
Pelikana,11
Pelikana,13
Pelikana,3
Pelikana,5
Pelikana,7
Pelikana,9
Hoża,4
Hoża,4a
Hoża,4b
Hoża,4c
Hoża,4d
Hoża,4e
Duńska,66
Duńska,38
Klonowa,2
Strzałowska,22
Kolarska,6
Strzelców Karpackich,12
Szafirowa,12
Perłowa,13
Jasełkowa,14
Perłowa,17
Gocławska,18
Dąbrówki,1a
Dojazdowa,21
Golęcińska,21
Perłowa,21
Leśna,22
Perłowa,25
Perłowa,27
Ogrodnicza,28a
Perłowa,31
Perłowa,37
Perłowa,39
Perłowa,41
Perłowa,43
Władysława Nehringa,4a
Górna,52
Generała Włodzimierza Ostoi-Zagórskiego,54
Górna,54
Górna,56
Górna,58
Ogrodnicza,58
Generała Włodzimierza Ostoi-Zagórskiego,58a
Dąbrówki,5a
Dąbrówki,5b
Dąbrówki,5c
Górna,60
Generała Włodzimierza Ostoi-Zagórskiego,60a
Górna,62
Górna,64
Agatowa,7
Szafirowa,9
Grobla,1
Kormoranów,111
Zakole,13
Tadeusza Wieczorowskiego,15a
Księdza Alfonsa Mańkowskiego,19f
Gościsława,22a
Duńska,24
Grzymińska,25
Żabia,24
Grzymińska,24
Poleska,25
Duńska,26
Przyjaciół Żołnierza,28
Duńska,32
Duńska,34
Wszystkich Świętych,59a
Zygmunta Krasińskiego,59k
Duńska,62
Przyjaciół Żołnierza,80a
Przyjaciół Żołnierza,92
Jana z Czarnolasu,9a
Miodowa,109a
Jaworzynki,11
Księdza Jana Dzierżonia,12
Jemiołowa,13a
Kredowa,14
Pod Urwiskiem,14a
Korony Północnej,17
Korony Północnej,17a
Kaczeńców,19
Kresowa,19b
Szczecińska,21a
Szczecińska,21b
Szczecińska,21c
Skarbówek,229a
Widokowa,2b
Ogródkowa,3
Wiśniowy Sad,32
Wiśniowy Sad,34
Mokra,46
Mokra,48
Fińska,6
Maciejkowa,6
Fińska,6a
Brytyjska,7
Kaczeńców,7
Belgijska,9
Jaworzynki,9
Kresowa,9
Belgijska,9a
Władysława Szafera,160
Władysława Szafera,198
Władysława Szafera,58
aleja Spacerowa,1
Flaminga,1
Flaminga,13
Flaminga,15
Flaminga,17
Flaminga,19
Orczykowa,2
Flaminga,21
Flaminga,23
Flaminga,25
Flaminga,27
Flaminga,3
Orczykowa,4
Flaminga,5
Orczykowa,6
Dębogórska,23
Jaworzynki,1
Limby,11
Łączna,20
Łączna,21
Łączna,23
Łączna,24
Łączna,25
Łączna,26
Łączna,27
Łączna,28
Jemiołowa,2aa
Jemiołowa,2ab
Jaworzynki,3
Wiśniowy Sad,30
Wiśniowy Sad,36
Jaworzynki,5
Sarnia,5a
Jaworzynki,7
Limby,9
Strzelców Karpackich,16
Władysława Nehringa,4b
Władysława Nehringa,4c
Władysława Nehringa,6a
Władysława Nehringa,6b
Perłowa,9
Dębogórska,34/36
Strzałowska,49
Pozdawilska,12
Maciejkowa,8
Łączna,1
Widuchowska,14
Dyngusowa,15
Perłowa,15
Średnia,18a
Pelikana,19
Łączna,1a
Pelikana,21
Małe Błonia,23
Pelikana,23
Małe Błonia,25
Pelikana,25
Ogrodnicza,26b
Małe Błonia,27
Małe Błonia,29
Małe Błonia,31
Bogumińska,44
Ogrodnicza,45h
Ogrodnicza,45ha
Ogrodnicza,45hb
Ogrodnicza,45hc
Ogrodnicza,45hd
Ogrodnicza,45he
Ogrodnicza,45hf
Policka,4b
Policka,4c
Rzeźbiarska,5
Policka,6a
Sezamkowa,9
Belgijska,8
Belgijska,8a
Miodowa,101a
Strzelców Karpackich,14
Wiszesława,15
Cienista,18
Łączna,19
Gocławska,22
Dojazdowa,36
Krańcowa,4
Lodowcowa,4
Władysława Nehringa,4
Górna,47
Generała Włodzimierza Ostoi-Zagórskiego,72
Szafirowa,8
Rolna,9
Światowida,62
Światowida,7
Światowida,8
Maksymiliana Golisza,10b
Maksymiliana Golisza,10
Maksymiliana Golisza,10e
Księdza Biskupa Władysława Bandurskiego,96a
Przyjaciół Żołnierza,128b
Złotowska,100
Złotowska,101
Złotowska,102
Złotowska,103
Duńska,106
Maciejkowa,68/1
Fryderyka Chopina,22
Fryderyka Chopina,22
Dyngusowa,11a
Bardzińska,1a
Władysława Nehringa,50
Maksymiliana Golisza,10H
Obotrycka,5
Kaskadowa,15
Robotnicza,21
Robotnicza,20
Arkońska,28
Księdza Jana Krzysztofa Kluka,34D
Księdza Jana Krzysztofa Kluka,34C
Księdza Jana Krzysztofa Kluka,34B
Księdza Jana Krzysztofa Kluka,34A
Księdza Jana Krzysztofa Kluka,34
Andyjska,4
Andyjska,4A
Andyjska,6
Andyjska,6A
Andyjska,8
Andyjska,8A
Andyjska,5
Andyjska,5A
Andyjska,7
Andyjska,7A
Fryderyka Chopina,22
Kościelna,33
Kościelna,31
Kościelna,29
Flaminga,8
Flaminga,6
Policka,66c
Panoramiczna,12
Panoramiczna,13
Panoramiczna,11
Panoramiczna,10
Łowiecka,8
Łowiecka,6
Łowiecka,17
Łowiecka,21
Dąbrówki,43
Nad Odrą,77
Nad Odrą,48
Nad Odrą,85
Rudzika,4
Rudzika,3A
Rudzika,3
Rudzika,1A
Rudzika,1
Sierakowska,17
Pod Urwiskiem,12
Gwiazdy Polarnej,12
Chłodna,72A
Chłodna,74A
Chłodna,74
Chłodna,72
Fińska,21
Wenecka,4
Wenecka,2
Kresowa,9C
Kresowa,9B
Kresowa,9A
Florencka,2
Florencka,2A
Florencka,4
Florencka,4A
Florencka,6
Florencka,6A
Florencka,9A
Florencka,9
Florencka,7A
Florencka,7
Florencka,5A
Florencka,5
Florencka,3A
Florencka,3
Florencka,1A
Florencka,1
Strzałowska,24B
Józefa Romana,38
Józefa Romana,36
Józefa Romana,34
Józefa Romana,32
Józefa Romana,30
Józefa Romana,28
Józefa Romana,26
Józefa Romana,24
Józefa Romana,20
Józefa Romana,22
Józefa Romana,18
Józefa Romana,16
Józefa Romana,12
Józefa Romana,14
Józefa Romana,8
Józefa Romana,10
Józefa Romana,6
Józefa Romana,4
Józefa Romana,2
Bronisława Sobola,2
Bronisława Sobola,4
Bronisława Sobola,6
Szafirowa,7
Pejzażowa,1
Rzeźbiarska,4
Rzeźbiarska,4A
Rzeźbiarska,3
Widokowa,5
Widokowa,5a
Rafy Koralowej,20
Astronomiczna,23
Astronomiczna,25
Doktora Judyma,12a
Szczecińska,12
Szczecińska,12
Kryształowa,6
Kryształowa,8
Warszewska,62
Warszewska,64
Warszewska,66
Warszewska,68
Podbórzańska,3
Podbórzańska,3
Miodowa,131
Miodowa,129
Przyjaciół Żołnierza,128
Narcyzowa,18
Narcyzowa,22
Kameliowa,7
Narcyzowa,12
Narcyzowa,11
Kameliowa,2
Kameliowa,10
Narcyzowa,28
Kameliowa,8
Narcyzowa,10
Narcyzowa,13
Bratkowa,5
Kameliowa,5
Narcyzowa,34
Kameliowa,9
Narcyzowa,20
Kameliowa,3
Bratkowa,3
Narcyzowa,6
Bratkowa,4
Narcyzowa,21
Kameliowa,16
Narcyzowa,19
Bratkowa,8
Kameliowa,14
Bratkowa,7
Bratkowa,2
Narcyzowa,36
Kameliowa,18
Kameliowa,12
Narcyzowa,7
Narcyzowa,23
Bratkowa,9
Narcyzowa,24
Narcyzowa,30
Kameliowa,4
Narcyzowa,9
Narcyzowa,3
Narcyzowa,16
Narcyzowa,2
Narcyzowa,17
Kameliowa,1
Narcyzowa,15
Bratkowa,10
Narcyzowa,26
Narcyzowa,4
Narcyzowa,5
Bratkowa,6
Narcyzowa,32
Kameliowa,6
Narcyzowa,1
Narcyzowa,8
Narcyzowa,14
Bratkowa,1
Skryta,9
Skryta,7